District,Date,NumberOfCumulativeCases
Gombak,6/4/2020,108
HuluLangat,6/4/2020,324
HuluSelangor,6/4/2020,27
Klang,6/4/2020,115
KualaLangat,6/4/2020,22
KualaSelangor,6/4/2020,27
Petaling,6/4/2020,290
SabakBernam,6/4/2020,8
Sepang,6/4/2020,49
Gombak,7/4/2020,110
HuluLangat,7/4/2020,340
HuluSelangor,7/4/2020,33
Klang,7/4/2020,129
KualaLangat,7/4/2020,22
KualaSelangor,7/4/2020,28
Petaling,7/4/2020,294
SabakBernam,7/4/2020,10
Sepang,7/4/2020,54
Gombak,8/4/2020,115
HuluLangat,8/4/2020,359
HuluSelangor,8/4/2020,37
Klang,8/4/2020,143
KualaLangat,8/4/2020,23
KualaSelangor,8/4/2020,29
Petaling,8/4/2020,303
SabakBernam,8/4/2020,11
Sepang,8/4/2020,58
Gombak,9/4/2020,121
HuluLangat,9/4/2020,366
HuluSelangor,9/4/2020,43
Klang,9/4/2020,152
KualaLangat,9/4/2020,23
KualaSelangor,9/4/2020,29
Petaling,9/4/2020,314
SabakBernam,9/4/2020,11
Sepang,9/4/2020,59
Gombak,10/4/2020,123
HuluLangat,10/4/2020,376
HuluSelangor,10/4/2020,43
Klang,10/4/2020,157
KualaLangat,10/4/2020,24
KualaSelangor,10/4/2020,29
Petaling,10/4/2020,324
SabakBernam,10/4/2020,11
Sepang,10/4/2020,61
Gombak,11/4/2020,129
HuluLangat,11/4/2020,382
HuluSelangor,11/4/2020,45
Klang,11/4/2020,162
KualaLangat,11/4/2020,25
KualaSelangor,11/4/2020,30
Petaling,11/4/2020,332
SabakBernam,11/4/2020,14
Sepang,11/4/2020,64
Gombak,12/4/2020,132
HuluLangat,12/4/2020,408
HuluSelangor,12/4/2020,45
Klang,12/4/2020,164
KualaLangat,12/4/2020,25
KualaSelangor,12/4/2020,32
Petaling,12/4/2020,346
SabakBernam,12/4/2020,18
Sepang,12/4/2020,66
Gombak,13/4/2020,136
HuluLangat,13/4/2020,402
HuluSelangor,13/4/2020,50
Klang,13/4/2020,164
KualaLangat,13/4/2020,25
KualaSelangor,13/4/2020,32
Petaling,13/4/2020,351
SabakBernam,13/4/2020,23
Sepang,13/4/2020,66
Gombak,14/4/2020,141
HuluLangat,14/4/2020,433
HuluSelangor,14/4/2020,49
Klang,14/4/2020,167
KualaLangat,14/4/2020,25
KualaSelangor,14/4/2020,35
Petaling,14/4/2020,359
SabakBernam,14/4/2020,23
Sepang,14/4/2020,67
Gombak,15/4/2020,142
HuluLangat,15/4/2020,440
HuluSelangor,15/4/2020,49
Klang,15/4/2020,171
KualaLangat,15/4/2020,25
KualaSelangor,15/4/2020,35
Petaling,15/4/2020,363
SabakBernam,15/4/2020,23
Sepang,15/4/2020,68
Gombak,16/4/2020,143
HuluLangat,16/4/2020,443
HuluSelangor,16/4/2020,49
Klang,16/4/2020,172
KualaLangat,16/4/2020,25
KualaSelangor,16/4/2020,35
Petaling,16/4/2020,366
SabakBernam,16/4/2020,23
Sepang,16/4/2020,69
Gombak,17/4/2020,144
HuluLangat,17/4/2020,445
HuluSelangor,17/4/2020,50
Klang,17/4/2020,173
KualaLangat,17/4/2020,27
KualaSelangor,17/4/2020,35
Petaling,17/4/2020,371
SabakBernam,17/4/2020,23
Sepang,17/4/2020,70
Gombak,18/4/2020,144
HuluLangat,18/4/2020,445
HuluSelangor,18/4/2020,50
Klang,18/4/2020,173
KualaLangat,18/4/2020,27
KualaSelangor,18/4/2020,35
Petaling,18/4/2020,373
SabakBernam,18/4/2020,23
Sepang,18/4/2020,70
Gombak,19/4/2020,144
HuluLangat,19/4/2020,446
HuluSelangor,19/4/2020,50
Klang,19/4/2020,173
KualaLangat,19/4/2020,27
KualaSelangor,19/4/2020,35
Petaling,19/4/2020,374
SabakBernam,19/4/2020,23
Sepang,19/4/2020,71
Gombak,20/4/2020,144
HuluLangat,20/4/2020,446
HuluSelangor,20/4/2020,50
Klang,20/4/2020,173
KualaLangat,20/4/2020,29
KualaSelangor,20/4/2020,35
Petaling,20/4/2020,374
SabakBernam,20/4/2020,23
Sepang,20/4/2020,71
Gombak,21/4/2020,144
HuluLangat,21/4/2020,446
HuluSelangor,21/4/2020,50
Klang,21/4/2020,173
KualaLangat,21/4/2020,32
KualaSelangor,21/4/2020,35
Petaling,21/4/2020,371
SabakBernam,21/4/2020,23
Sepang,21/4/2020,71
Gombak,22/4/2020,144
HuluLangat,22/4/2020,446
HuluSelangor,22/4/2020,50
Klang,22/4/2020,173
KualaLangat,22/4/2020,32
KualaSelangor,22/4/2020,35
Petaling,22/4/2020,372
SabakBernam,22/4/2020,23
Sepang,22/4/2020,71
Gombak,23/4/2020,146
HuluLangat,23/4/2020,456
HuluSelangor,23/4/2020,50
Klang,23/4/2020,173
KualaLangat,23/4/2020,32
KualaSelangor,23/4/2020,35
Petaling,23/4/2020,371
SabakBernam,23/4/2020,23
Sepang,23/4/2020,71
Gombak,24/4/2020,146
HuluLangat,24/4/2020,471
HuluSelangor,24/4/2020,50
Klang,24/4/2020,173
KualaLangat,24/4/2020,32
KualaSelangor,24/4/2020,35
Petaling,24/4/2020,373
SabakBernam,24/4/2020,23
Sepang,24/4/2020,71
Gombak,25/4/2020,144
HuluLangat,25/4/2020,473
HuluSelangor,25/4/2020,50
Klang,25/4/2020,173
KualaLangat,25/4/2020,32
KualaSelangor,25/4/2020,35
Petaling,25/4/2020,372
SabakBernam,25/4/2020,23
Sepang,25/4/2020,71
Gombak,26/4/2020,150
HuluLangat,26/4/2020,473
HuluSelangor,26/4/2020,50
Klang,26/4/2020,173
KualaLangat,26/4/2020,32
KualaSelangor,26/4/2020,35
Petaling,26/4/2020,374
SabakBernam,26/4/2020,23
Sepang,26/4/2020,71
Gombak,27/4/2020,150
HuluLangat,27/4/2020,473
HuluSelangor,27/4/2020,50
Klang,27/4/2020,175
KualaLangat,27/4/2020,32
KualaSelangor,27/4/2020,35
Petaling,27/4/2020,374
SabakBernam,27/4/2020,24
Sepang,27/4/2020,71
Gombak,28/4/2020,151
HuluLangat,28/4/2020,475
HuluSelangor,28/4/2020,50
Klang,28/4/2020,175
KualaLangat,28/4/2020,32
KualaSelangor,28/4/2020,35
Petaling,28/4/2020,374
SabakBernam,28/4/2020,24
Sepang,28/4/2020,71
Gombak,29/4/2020,151
HuluLangat,29/4/2020,477
HuluSelangor,29/4/2020,50
Klang,29/4/2020,175
KualaLangat,29/4/2020,32
KualaSelangor,29/4/2020,35
Petaling,29/4/2020,376
SabakBernam,29/4/2020,24
Sepang,29/4/2020,71
Gombak,30/4/2020,164
HuluLangat,30/4/2020,477
HuluSelangor,30/4/2020,50
Klang,30/4/2020,175
KualaLangat,30/4/2020,32
KualaSelangor,30/4/2020,35
Petaling,30/4/2020,378
SabakBernam,30/4/2020,24
Sepang,30/4/2020,71
Gombak,1/5/2020,178
HuluLangat,1/5/2020,479
HuluSelangor,1/5/2020,51
Klang,1/5/2020,176
KualaLangat,1/5/2020,32
KualaSelangor,1/5/2020,35
Petaling,1/5/2020,379
SabakBernam,1/5/2020,24
Sepang,1/5/2020,71
Gombak,2/5/2020,215
HuluLangat,2/5/2020,479
HuluSelangor,2/5/2020,51
Klang,2/5/2020,178
KualaLangat,2/5/2020,32
KualaSelangor,2/5/2020,48
Petaling,2/5/2020,384
SabakBernam,2/5/2020,24
Sepang,2/5/2020,71
Gombak,3/5/2020,225
HuluLangat,3/5/2020,480
HuluSelangor,3/5/2020,51
Klang,3/5/2020,178
KualaLangat,3/5/2020,32
KualaSelangor,3/5/2020,48
Petaling,3/5/2020,384
SabakBernam,3/5/2020,24
Sepang,3/5/2020,71
Gombak,4/5/2020,232
HuluLangat,4/5/2020,480
HuluSelangor,4/5/2020,51
Klang,4/5/2020,178
KualaLangat,4/5/2020,32
KualaSelangor,4/5/2020,49
Petaling,4/5/2020,397
SabakBernam,4/5/2020,24
Sepang,4/5/2020,71
Gombak,5/5/2020,232
HuluLangat,5/5/2020,480
HuluSelangor,5/5/2020,51
Klang,5/5/2020,178
KualaLangat,5/5/2020,32
KualaSelangor,5/5/2020,49
Petaling,5/5/2020,397
SabakBernam,5/5/2020,24
Sepang,5/5/2020,71
Gombak,6/5/2020,232
HuluLangat,6/5/2020,484
HuluSelangor,6/5/2020,52
Klang,6/5/2020,180
KualaLangat,6/5/2020,32
KualaSelangor,6/5/2020,49
Petaling,6/5/2020,399
SabakBernam,6/5/2020,24
Sepang,6/5/2020,71
Gombak,7/5/2020,232
HuluLangat,7/5/2020,498
HuluSelangor,7/5/2020,53
Klang,7/5/2020,180
KualaLangat,7/5/2020,32
KualaSelangor,7/5/2020,49
Petaling,7/5/2020,400
SabakBernam,7/5/2020,24
Sepang,7/5/2020,71
Gombak,8/5/2020,232
HuluLangat,8/5/2020,498
HuluSelangor,8/5/2020,53
Klang,8/5/2020,181
KualaLangat,8/5/2020,32
KualaSelangor,8/5/2020,49
Petaling,8/5/2020,404
SabakBernam,8/5/2020,24
Sepang,8/5/2020,71
Gombak,9/5/2020,233
HuluLangat,9/5/2020,498
HuluSelangor,9/5/2020,53
Klang,9/5/2020,181
KualaLangat,9/5/2020,32
KualaSelangor,9/5/2020,49
Petaling,9/5/2020,413
SabakBernam,9/5/2020,24
Sepang,9/5/2020,71
Gombak,10/5/2020,234
HuluLangat,10/5/2020,498
HuluSelangor,10/5/2020,59
Klang,10/5/2020,181
KualaLangat,10/5/2020,32
KualaSelangor,10/5/2020,49
Petaling,10/5/2020,413
SabakBernam,10/5/2020,25
Sepang,10/5/2020,71
Gombak,11/5/2020,234
HuluLangat,11/5/2020,499
HuluSelangor,11/5/2020,61
Klang,11/5/2020,181
KualaLangat,11/5/2020,32
KualaSelangor,11/5/2020,49
Petaling,11/5/2020,413
SabakBernam,11/5/2020,25
Sepang,11/5/2020,71
Gombak,12/5/2020,234
HuluLangat,12/5/2020,500
HuluSelangor,12/5/2020,61
Klang,12/5/2020,181
KualaLangat,12/5/2020,32
KualaSelangor,12/5/2020,49
Petaling,12/5/2020,415
SabakBernam,12/5/2020,25
Sepang,12/5/2020,71
Gombak,13/5/2020,234
HuluLangat,13/5/2020,501
HuluSelangor,13/5/2020,61
Klang,13/5/2020,181
KualaLangat,13/5/2020,32
KualaSelangor,13/5/2020,49
Petaling,13/5/2020,415
SabakBernam,13/5/2020,26
Sepang,13/5/2020,71
Gombak,14/5/2020,234
HuluLangat,14/5/2020,501
HuluSelangor,14/5/2020,60
Klang,14/5/2020,181
KualaLangat,14/5/2020,32
KualaSelangor,14/5/2020,49
Petaling,14/5/2020,416
SabakBernam,14/5/2020,26
Sepang,14/5/2020,71
Gombak,15/5/2020,235
HuluLangat,15/5/2020,511
HuluSelangor,15/5/2020,60
Klang,15/5/2020,181
KualaLangat,15/5/2020,32
KualaSelangor,15/5/2020,49
Petaling,15/5/2020,417
SabakBernam,15/5/2020,27
Sepang,15/5/2020,72
Gombak,16/5/2020,235
HuluLangat,16/5/2020,511
HuluSelangor,16/5/2020,60
Klang,16/5/2020,181
KualaLangat,16/5/2020,32
KualaSelangor,16/5/2020,49
Petaling,16/5/2020,417
SabakBernam,16/5/2020,27
Sepang,16/5/2020,72
Gombak,17/5/2020,237
HuluLangat,17/5/2020,514
HuluSelangor,17/5/2020,60
Klang,17/5/2020,181
KualaLangat,17/5/2020,32
KualaSelangor,17/5/2020,49
Petaling,17/5/2020,418
SabakBernam,17/5/2020,27
Sepang,17/5/2020,72
Gombak,18/5/2020,237
HuluLangat,18/5/2020,514
HuluSelangor,18/5/2020,60
Klang,18/5/2020,181
KualaLangat,18/5/2020,32
KualaSelangor,18/5/2020,56
Petaling,18/5/2020,419
SabakBernam,18/5/2020,27
Sepang,18/5/2020,72
Gombak,19/5/2020,239
HuluLangat,19/5/2020,514
HuluSelangor,19/5/2020,61
Klang,19/5/2020,181
KualaLangat,19/5/2020,32
KualaSelangor,19/5/2020,57
Petaling,19/5/2020,420
SabakBernam,19/5/2020,27
Sepang,19/5/2020,72
Gombak,20/5/2020,241
HuluLangat,20/5/2020,517
HuluSelangor,20/5/2020,65
Klang,20/5/2020,181
KualaLangat,20/5/2020,32
KualaSelangor,20/5/2020,57
Petaling,20/5/2020,421
SabakBernam,20/5/2020,27
Sepang,20/5/2020,72
Gombak,21/5/2020,243
HuluLangat,21/5/2020,519
HuluSelangor,21/5/2020,65
Klang,21/5/2020,181
KualaLangat,21/5/2020,32
KualaSelangor,21/5/2020,57
Petaling,21/5/2020,421
SabakBernam,21/5/2020,27
Sepang,21/5/2020,76
Gombak,22/5/2020,245
HuluLangat,22/5/2020,531
HuluSelangor,22/5/2020,67
Klang,22/5/2020,181
KualaLangat,22/5/2020,32
KualaSelangor,22/5/2020,57
Petaling,22/5/2020,424
SabakBernam,22/5/2020,27
Sepang,22/5/2020,76
Gombak,23/5/2020,246
HuluLangat,23/5/2020,556
HuluSelangor,23/5/2020,70
Klang,23/5/2020,182
KualaLangat,23/5/2020,32
KualaSelangor,23/5/2020,58
Petaling,23/5/2020,425
SabakBernam,23/5/2020,27
Sepang,23/5/2020,77
Gombak,24/5/2020,246
HuluLangat,24/5/2020,592
HuluSelangor,24/5/2020,74
Klang,24/5/2020,182
KualaLangat,24/5/2020,32
KualaSelangor,24/5/2020,58
Petaling,24/5/2020,425
SabakBernam,24/5/2020,27
Sepang,24/5/2020,83
Gombak,25/5/2020,248
HuluLangat,25/5/2020,610
HuluSelangor,25/5/2020,75
Klang,25/5/2020,182
KualaLangat,25/5/2020,32
KualaSelangor,25/5/2020,58
Petaling,25/5/2020,425
SabakBernam,25/5/2020,27
Sepang,25/5/2020,112
Gombak,26/5/2020,248
HuluLangat,26/5/2020,611
HuluSelangor,26/5/2020,75
Klang,26/5/2020,183
KualaLangat,26/5/2020,32
KualaSelangor,26/5/2020,58
Petaling,26/5/2020,426
SabakBernam,26/5/2020,27
Sepang,26/5/2020,112
Gombak,27/5/2020,248
HuluLangat,27/5/2020,611
HuluSelangor,27/5/2020,75
Klang,27/5/2020,183
KualaLangat,27/5/2020,32
KualaSelangor,27/5/2020,58
Petaling,27/5/2020,428
SabakBernam,27/5/2020,27
Sepang,27/5/2020,112
Gombak,28/5/2020,248
HuluLangat,28/5/2020,611
HuluSelangor,28/5/2020,75
Klang,28/5/2020,183
KualaLangat,28/5/2020,32
KualaSelangor,28/5/2020,59
Petaling,28/5/2020,429
SabakBernam,28/5/2020,27
Sepang,28/5/2020,112
Gombak,29/5/2020,248
HuluLangat,29/5/2020,611
HuluSelangor,29/5/2020,75
Klang,29/5/2020,183
KualaLangat,29/5/2020,52
KualaSelangor,29/5/2020,60
Petaling,29/5/2020,432
SabakBernam,29/5/2020,27
Sepang,29/5/2020,112
Gombak,30/5/2020,248
HuluLangat,30/5/2020,613
HuluSelangor,30/5/2020,75
Klang,30/5/2020,183
KualaLangat,30/5/2020,52
KualaSelangor,30/5/2020,60
Petaling,30/5/2020,433
SabakBernam,30/5/2020,27
Sepang,30/5/2020,112
Gombak,31/5/2020,250
HuluLangat,31/5/2020,614
HuluSelangor,31/5/2020,75
Klang,31/5/2020,184
KualaLangat,31/5/2020,52
KualaSelangor,31/5/2020,60
Petaling,31/5/2020,433
SabakBernam,31/5/2020,27
Sepang,31/5/2020,136
Gombak,1/6/2020,250
HuluLangat,1/6/2020,617
HuluSelangor,1/6/2020,75
Klang,1/6/2020,185
KualaLangat,1/6/2020,52
KualaSelangor,1/6/2020,60
Petaling,1/6/2020,433
SabakBernam,1/6/2020,27
Sepang,1/6/2020,136
Gombak,2/6/2020,250
HuluLangat,2/6/2020,617
HuluSelangor,2/6/2020,75
Klang,2/6/2020,185
KualaLangat,2/6/2020,52
KualaSelangor,2/6/2020,60
Petaling,2/6/2020,433
SabakBernam,2/6/2020,27
Sepang,2/6/2020,138
Gombak,3/6/2020,250
HuluLangat,3/6/2020,617
HuluSelangor,3/6/2020,75
Klang,3/6/2020,185
KualaLangat,3/6/2020,52
KualaSelangor,3/6/2020,61
Petaling,3/6/2020,434
SabakBernam,3/6/2020,27
Sepang,3/6/2020,138
Gombak,4/6/2020,250
HuluLangat,4/6/2020,618
HuluSelangor,4/6/2020,75
Klang,4/6/2020,185
KualaLangat,4/6/2020,52
KualaSelangor,4/6/2020,61
Petaling,4/6/2020,434
SabakBernam,4/6/2020,27
Sepang,4/6/2020,138
Gombak,5/6/2020,251
HuluLangat,5/6/2020,618
HuluSelangor,5/6/2020,75
Klang,5/6/2020,185
KualaLangat,5/6/2020,54
KualaSelangor,5/6/2020,61
Petaling,5/6/2020,434
SabakBernam,5/6/2020,27
Sepang,5/6/2020,139
Gombak,6/6/2020,251
HuluLangat,6/6/2020,621
HuluSelangor,6/6/2020,75
Klang,6/6/2020,185
KualaLangat,6/6/2020,62
KualaSelangor,6/6/2020,61
Petaling,6/6/2020,435
SabakBernam,6/6/2020,27
Sepang,6/6/2020,140
Gombak,7/6/2020,252
HuluLangat,7/6/2020,621
HuluSelangor,7/6/2020,75
Klang,7/6/2020,186
KualaLangat,7/6/2020,63
KualaSelangor,7/6/2020,61
Petaling,7/6/2020,436
SabakBernam,7/6/2020,28
Sepang,7/6/2020,142
Gombak,8/6/2020,252
HuluLangat,8/6/2020,621
HuluSelangor,8/6/2020,75
Klang,8/6/2020,186
KualaLangat,8/6/2020,63
KualaSelangor,8/6/2020,61
Petaling,8/6/2020,436
SabakBernam,8/6/2020,28
Sepang,8/6/2020,144
Gombak,9/6/2020,252
HuluLangat,9/6/2020,621
HuluSelangor,9/6/2020,75
Klang,9/6/2020,186
KualaLangat,9/6/2020,63
KualaSelangor,9/6/2020,61
Petaling,9/6/2020,436
SabakBernam,9/6/2020,28
Sepang,9/6/2020,144
Gombak,10/6/2020,252
HuluLangat,10/6/2020,621
HuluSelangor,10/6/2020,75
Klang,10/6/2020,186
KualaLangat,10/6/2020,63
KualaSelangor,10/6/2020,61
Petaling,10/6/2020,436
SabakBernam,10/6/2020,28
Sepang,10/6/2020,144
Gombak,11/6/2020,252
HuluLangat,11/6/2020,624
HuluSelangor,11/6/2020,75
Klang,11/6/2020,186
KualaLangat,11/6/2020,63
KualaSelangor,11/6/2020,61
Petaling,11/6/2020,436
SabakBernam,11/6/2020,28
Sepang,11/6/2020,144
Gombak,12/6/2020,254
HuluLangat,12/6/2020,628
HuluSelangor,12/6/2020,75
Klang,12/6/2020,186
KualaLangat,12/6/2020,63
KualaSelangor,12/6/2020,62
Petaling,12/6/2020,436
SabakBernam,12/6/2020,28
Sepang,12/6/2020,144
Gombak,13/6/2020,255
HuluLangat,13/6/2020,629
HuluSelangor,13/6/2020,75
Klang,13/6/2020,186
KualaLangat,13/6/2020,63
KualaSelangor,13/6/2020,62
Petaling,13/6/2020,436
SabakBernam,13/6/2020,30
Sepang,13/6/2020,144
Gombak,14/6/2020,255
HuluLangat,14/6/2020,629
HuluSelangor,14/6/2020,75
Klang,14/6/2020,186
KualaLangat,14/6/2020,63
KualaSelangor,14/6/2020,62
Petaling,14/6/2020,436
SabakBernam,14/6/2020,30
Sepang,14/6/2020,144
Gombak,15/6/2020,255
HuluLangat,15/6/2020,629
HuluSelangor,15/6/2020,75
Klang,15/6/2020,186
KualaLangat,15/6/2020,63
KualaSelangor,15/6/2020,63
Petaling,15/6/2020,436
SabakBernam,15/6/2020,30
Sepang,15/6/2020,145
Gombak,16/6/2020,255
HuluLangat,16/6/2020,629
HuluSelangor,16/6/2020,75
Klang,16/6/2020,187
KualaLangat,16/6/2020,63
KualaSelangor,16/6/2020,63
Petaling,16/6/2020,436
SabakBernam,16/6/2020,30
Sepang,16/6/2020,145
Gombak,17/6/2020,254
HuluLangat,17/6/2020,629
HuluSelangor,17/6/2020,75
Klang,17/6/2020,187
KualaLangat,17/6/2020,63
KualaSelangor,17/6/2020,67
Petaling,17/6/2020,436
SabakBernam,17/6/2020,30
Sepang,17/6/2020,145
Gombak,18/6/2020,256
HuluLangat,18/6/2020,640
HuluSelangor,18/6/2020,75
Klang,18/6/2020,187
KualaLangat,18/6/2020,63
KualaSelangor,18/6/2020,67
Petaling,18/6/2020,436
SabakBernam,18/6/2020,30
Sepang,18/6/2020,145
Gombak,19/6/2020,257
HuluLangat,19/6/2020,630
HuluSelangor,19/6/2020,75
Klang,19/6/2020,187
KualaLangat,19/6/2020,63
KualaSelangor,19/6/2020,67
Petaling,19/6/2020,436
SabakBernam,19/6/2020,30
Sepang,19/6/2020,145
Gombak,20/6/2020,257
HuluLangat,20/6/2020,630
HuluSelangor,20/6/2020,76
Klang,20/6/2020,189
KualaLangat,20/6/2020,64
KualaSelangor,20/6/2020,69
Petaling,20/6/2020,436
SabakBernam,20/6/2020,30
Sepang,20/6/2020,149
Gombak,21/6/2020,257
HuluLangat,21/6/2020,430
HuluSelangor,21/6/2020,76
Klang,21/6/2020,189
KualaLangat,21/6/2020,64
KualaSelangor,21/6/2020,69
Petaling,21/6/2020,436
SabakBernam,21/6/2020,30
Sepang,21/6/2020,151
Gombak,22/6/2020,257
HuluLangat,22/6/2020,630
HuluSelangor,22/6/2020,77
Klang,22/6/2020,189
KualaLangat,22/6/2020,64
KualaSelangor,22/6/2020,69
Petaling,22/6/2020,436
SabakBernam,22/6/2020,30
Sepang,22/6/2020,151
Gombak,23/6/2020,257
HuluLangat,23/6/2020,630
HuluSelangor,23/6/2020,77
Klang,23/6/2020,189
KualaLangat,23/6/2020,64
KualaSelangor,23/6/2020,69
Petaling,23/6/2020,436
SabakBernam,23/6/2020,30
Sepang,23/6/2020,151
Gombak,24/6/2020,258
HuluLangat,24/6/2020,631
HuluSelangor,24/6/2020,77
Klang,24/6/2020,190
KualaLangat,24/6/2020,64
KualaSelangor,24/6/2020,69
Petaling,24/6/2020,436
SabakBernam,24/6/2020,30
Sepang,24/6/2020,151
Gombak,25/6/2020,258
HuluLangat,25/6/2020,631
HuluSelangor,25/6/2020,77
Klang,25/6/2020,190
KualaLangat,25/6/2020,64
KualaSelangor,25/6/2020,69
Petaling,25/6/2020,436
SabakBernam,25/6/2020,30
Sepang,25/6/2020,151
Gombak,26/6/2020,258
HuluLangat,26/6/2020,631
HuluSelangor,26/6/2020,77
Klang,26/6/2020,190
KualaLangat,26/6/2020,64
KualaSelangor,26/6/2020,69
Petaling,26/6/2020,436
SabakBernam,26/6/2020,30
Sepang,26/6/2020,151
Gombak,27/6/2020,259
HuluLangat,27/6/2020,631
HuluSelangor,27/6/2020,77
Klang,27/6/2020,190
KualaLangat,27/6/2020,64
KualaSelangor,27/6/2020,69
Petaling,27/6/2020,436
SabakBernam,27/6/2020,30
Sepang,27/6/2020,151
Gombak,28/6/2020,259
HuluLangat,28/6/2020,631
HuluSelangor,28/6/2020,77
Klang,28/6/2020,190
KualaLangat,28/6/2020,64
KualaSelangor,28/6/2020,69
Petaling,28/6/2020,436
SabakBernam,28/6/2020,30
Sepang,28/6/2020,153
Gombak,29/6/2020,259
HuluLangat,29/6/2020,631
HuluSelangor,29/6/2020,77
Klang,29/6/2020,190
KualaLangat,29/6/2020,64
KualaSelangor,29/6/2020,69
Petaling,29/6/2020,437
SabakBernam,29/6/2020,30
Sepang,29/6/2020,153
Gombak,30/6/2020,259
HuluLangat,30/6/2020,431
HuluSelangor,30/6/2020,77
Klang,30/6/2020,190
KualaLangat,30/6/2020,64
KualaSelangor,30/6/2020,69
Petaling,30/6/2020,437
SabakBernam,30/6/2020,30
Sepang,30/6/2020,153
Gombak,1/7/2020,259
HuluLangat,1/7/2020,631
HuluSelangor,1/7/2020,77
Klang,1/7/2020,190
KualaLangat,1/7/2020,64
KualaSelangor,1/7/2020,69
Petaling,1/7/2020,437
SabakBernam,1/7/2020,30
Sepang,1/7/2020,153
Gombak,2/7/2020,259
HuluLangat,2/7/2020,631
HuluSelangor,2/7/2020,77
Klang,2/7/2020,190
KualaLangat,2/7/2020,64
KualaSelangor,2/7/2020,69
Petaling,2/7/2020,437
SabakBernam,2/7/2020,30
Sepang,2/7/2020,153
Gombak,3/7/2020,259
HuluLangat,3/7/2020,631
HuluSelangor,3/7/2020,77
Klang,3/7/2020,190
KualaLangat,3/7/2020,64
KualaSelangor,3/7/2020,69
Petaling,3/7/2020,437
SabakBernam,3/7/2020,30
Sepang,3/7/2020,153
Gombak,4/7/2020,259
HuluLangat,4/7/2020,631
HuluSelangor,4/7/2020,77
Klang,4/7/2020,190
KualaLangat,4/7/2020,64
KualaSelangor,4/7/2020,69
Petaling,4/7/2020,437
SabakBernam,4/7/2020,30
Sepang,4/7/2020,153
Gombak,5/7/2020,259
HuluLangat,5/7/2020,631
HuluSelangor,5/7/2020,77
Klang,5/7/2020,190
KualaLangat,5/7/2020,64
KualaSelangor,5/7/2020,69
Petaling,5/7/2020,437
SabakBernam,5/7/2020,30
Sepang,5/7/2020,153
Gombak,6/7/2020,260
HuluLangat,6/7/2020,631
HuluSelangor,6/7/2020,77
Klang,6/7/2020,190
KualaLangat,6/7/2020,64
KualaSelangor,6/7/2020,69
Petaling,6/7/2020,437
SabakBernam,6/7/2020,30
Sepang,6/7/2020,153
Gombak,7/7/2020,260
HuluLangat,7/7/2020,631
HuluSelangor,7/7/2020,77
Klang,7/7/2020,190
KualaLangat,7/7/2020,64
KualaSelangor,7/7/2020,69
Petaling,7/7/2020,437
SabakBernam,7/7/2020,30
Sepang,7/7/2020,154
Gombak,8/7/2020,240
HuluLangat,8/7/2020,631
HuluSelangor,8/7/2020,77
Klang,8/7/2020,190
KualaLangat,8/7/2020,64
KualaSelangor,8/7/2020,69
Petaling,8/7/2020,437
SabakBernam,8/7/2020,30
Sepang,8/7/2020,154
Gombak,9/7/2020,240
HuluLangat,9/7/2020,631
HuluSelangor,9/7/2020,77
Klang,9/7/2020,190
KualaLangat,9/7/2020,64
KualaSelangor,9/7/2020,69
Petaling,9/7/2020,437
SabakBernam,9/7/2020,30
Sepang,9/7/2020,154
Gombak,10/7/2020,260
HuluLangat,10/7/2020,631
HuluSelangor,10/7/2020,77
Klang,10/7/2020,190
KualaLangat,10/7/2020,64
KualaSelangor,10/7/2020,69
Petaling,10/7/2020,437
SabakBernam,10/7/2020,30
Sepang,10/7/2020,154
Gombak,11/7/2020,260
HuluLangat,11/7/2020,631
HuluSelangor,11/7/2020,77
Klang,11/7/2020,190
KualaLangat,11/7/2020,64
KualaSelangor,11/7/2020,69
Petaling,11/7/2020,437
SabakBernam,11/7/2020,30
Sepang,11/7/2020,156
Gombak,12/7/2020,260
HuluLangat,12/7/2020,631
HuluSelangor,12/7/2020,77
Klang,12/7/2020,190
KualaLangat,12/7/2020,64
KualaSelangor,12/7/2020,69
Petaling,12/7/2020,437
SabakBernam,12/7/2020,30
Sepang,12/7/2020,164
Gombak,13/7/2020,260
HuluLangat,13/7/2020,631
HuluSelangor,13/7/2020,77
Klang,13/7/2020,190
KualaLangat,13/7/2020,64
KualaSelangor,13/7/2020,69
Petaling,13/7/2020,437
SabakBernam,13/7/2020,30
Sepang,13/7/2020,164
Gombak,14/7/2020,260
HuluLangat,14/7/2020,631
HuluSelangor,14/7/2020,77
Klang,14/7/2020,190
KualaLangat,14/7/2020,64
KualaSelangor,14/7/2020,69
Petaling,14/7/2020,437
SabakBernam,14/7/2020,30
Sepang,14/7/2020,164
Gombak,15/7/2020,261
HuluLangat,15/7/2020,631
HuluSelangor,15/7/2020,77
Klang,15/7/2020,190
KualaLangat,15/7/2020,64
KualaSelangor,15/7/2020,69
Petaling,15/7/2020,437
SabakBernam,15/7/2020,30
Sepang,15/7/2020,164
Gombak,16/7/2020,261
HuluLangat,16/7/2020,631
HuluSelangor,16/7/2020,77
Klang,16/7/2020,190
KualaLangat,16/7/2020,64
KualaSelangor,16/7/2020,69
Petaling,16/7/2020,437
SabakBernam,16/7/2020,30
Sepang,16/7/2020,164
Gombak,17/7/2020,261
HuluLangat,17/7/2020,631
HuluSelangor,17/7/2020,77
Klang,17/7/2020,190
KualaLangat,17/7/2020,64
KualaSelangor,17/7/2020,69
Petaling,17/7/2020,437
SabakBernam,17/7/2020,30
Sepang,17/7/2020,165
Gombak,18/7/2020,261
HuluLangat,18/7/2020,631
HuluSelangor,18/7/2020,69
Klang,18/7/2020,190
KualaLangat,18/7/2020,64
KualaSelangor,18/7/2020,69
Petaling,18/7/2020,437
SabakBernam,18/7/2020,30
Sepang,18/7/2020,165
Gombak,19/7/2020,242
HuluLangat,19/7/2020,631
HuluSelangor,19/7/2020,77
Klang,19/7/2020,190
KualaLangat,19/7/2020,64
KualaSelangor,19/7/2020,69
Petaling,19/7/2020,437
SabakBernam,19/7/2020,30
Sepang,19/7/2020,166
Gombak,20/7/2020,262
HuluLangat,20/7/2020,631
HuluSelangor,20/7/2020,77
Klang,20/7/2020,190
KualaLangat,20/7/2020,64
KualaSelangor,20/7/2020,69
Petaling,20/7/2020,437
SabakBernam,20/7/2020,30
Sepang,20/7/2020,166
Gombak,21/7/2020,262
HuluLangat,21/7/2020,632
HuluSelangor,21/7/2020,77
Klang,21/7/2020,190
KualaLangat,21/7/2020,64
KualaSelangor,21/7/2020,69
Petaling,21/7/2020,437
SabakBernam,21/7/2020,30
Sepang,21/7/2020,166
Gombak,22/7/2020,262
HuluLangat,22/7/2020,632
HuluSelangor,22/7/2020,77
Klang,22/7/2020,190
KualaLangat,22/7/2020,64
KualaSelangor,22/7/2020,69
Petaling,22/7/2020,437
SabakBernam,22/7/2020,30
Sepang,22/7/2020,166
Gombak,23/7/2020,262
HuluLangat,23/7/2020,632
HuluSelangor,23/7/2020,77
Klang,23/7/2020,190
KualaLangat,23/7/2020,64
KualaSelangor,23/7/2020,69
Petaling,23/7/2020,437
SabakBernam,23/7/2020,30
Sepang,23/7/2020,166
Gombak,24/7/2020,262
HuluLangat,24/7/2020,632
HuluSelangor,24/7/2020,77
Klang,24/7/2020,190
KualaLangat,24/7/2020,64
KualaSelangor,24/7/2020,69
Petaling,24/7/2020,438
SabakBernam,24/7/2020,30
Sepang,24/7/2020,166
Gombak,25/7/2020,262
HuluLangat,25/7/2020,633
HuluSelangor,25/7/2020,77
Klang,25/7/2020,190
KualaLangat,25/7/2020,64
KualaSelangor,25/7/2020,69
Petaling,25/7/2020,438
SabakBernam,25/7/2020,30
Sepang,25/7/2020,167
Gombak,26/7/2020,262
HuluLangat,26/7/2020,633
HuluSelangor,26/7/2020,77
Klang,26/7/2020,190
KualaLangat,26/7/2020,64
KualaSelangor,26/7/2020,69
Petaling,26/7/2020,438
SabakBernam,26/7/2020,30
Sepang,26/7/2020,167
Gombak,27/7/2020,262
HuluLangat,27/7/2020,633
HuluSelangor,27/7/2020,77
Klang,27/7/2020,190
KualaLangat,27/7/2020,64
KualaSelangor,27/7/2020,69
Petaling,27/7/2020,438
SabakBernam,27/7/2020,30
Sepang,27/7/2020,167
Gombak,28/7/2020,262
HuluLangat,28/7/2020,633
HuluSelangor,28/7/2020,77
Klang,28/7/2020,190
KualaLangat,28/7/2020,64
KualaSelangor,28/7/2020,69
Petaling,28/7/2020,438
SabakBernam,28/7/2020,30
Sepang,28/7/2020,167
Gombak,29/7/2020,262
HuluLangat,29/7/2020,633
HuluSelangor,29/7/2020,77
Klang,29/7/2020,190
KualaLangat,29/7/2020,64
KualaSelangor,29/7/2020,69
Petaling,29/7/2020,438
SabakBernam,29/7/2020,30
Sepang,29/7/2020,167
Gombak,30/7/2020,262
HuluLangat,30/7/2020,633
HuluSelangor,30/7/2020,77
Klang,30/7/2020,190
KualaLangat,30/7/2020,64
KualaSelangor,30/7/2020,69
Petaling,30/7/2020,438
SabakBernam,30/7/2020,30
Sepang,30/7/2020,167
Gombak,31/7/2020,262
HuluLangat,31/7/2020,633
HuluSelangor,31/7/2020,77
Klang,31/7/2020,190
KualaLangat,31/7/2020,64
KualaSelangor,31/7/2020,69
Petaling,31/7/2020,438
SabakBernam,31/7/2020,30
Sepang,31/7/2020,168
Gombak,1/8/2020,262
HuluLangat,1/8/2020,633
HuluSelangor,1/8/2020,77
Klang,1/8/2020,190
KualaLangat,1/8/2020,64
KualaSelangor,1/8/2020,69
Petaling,1/8/2020,439
SabakBernam,1/8/2020,30
Sepang,1/8/2020,168
Gombak,2/8/2020,262
HuluLangat,2/8/2020,633
HuluSelangor,2/8/2020,77
Klang,2/8/2020,190
KualaLangat,2/8/2020,64
KualaSelangor,2/8/2020,69
Petaling,2/8/2020,439
SabakBernam,2/8/2020,30
Sepang,2/8/2020,168
Gombak,3/8/2020,262
HuluLangat,3/8/2020,633
HuluSelangor,3/8/2020,77
Klang,3/8/2020,190
KualaLangat,3/8/2020,64
KualaSelangor,3/8/2020,69
Petaling,3/8/2020,439
SabakBernam,3/8/2020,30
Sepang,3/8/2020,168
Gombak,4/8/2020,262
HuluLangat,4/8/2020,633
HuluSelangor,4/8/2020,77
Klang,4/8/2020,190
KualaLangat,4/8/2020,64
KualaSelangor,4/8/2020,69
Petaling,4/8/2020,439
SabakBernam,4/8/2020,30
Sepang,4/8/2020,168
Gombak,5/8/2020,262
HuluLangat,5/8/2020,633
HuluSelangor,5/8/2020,77
Klang,5/8/2020,190
KualaLangat,5/8/2020,64
KualaSelangor,5/8/2020,69
Petaling,5/8/2020,439
SabakBernam,5/8/2020,30
Sepang,5/8/2020,168
Gombak,6/8/2020,262
HuluLangat,6/8/2020,633
HuluSelangor,6/8/2020,77
Klang,6/8/2020,190
KualaLangat,6/8/2020,64
KualaSelangor,6/8/2020,69
Petaling,6/8/2020,439
SabakBernam,6/8/2020,30
Sepang,6/8/2020,168
Gombak,7/8/2020,262
HuluLangat,7/8/2020,633
HuluSelangor,7/8/2020,77
Klang,7/8/2020,190
KualaLangat,7/8/2020,64
KualaSelangor,7/8/2020,69
Petaling,7/8/2020,439
SabakBernam,7/8/2020,30
Sepang,7/8/2020,168
Gombak,8/8/2020,262
HuluLangat,8/8/2020,633
HuluSelangor,8/8/2020,77
Klang,8/8/2020,190
KualaLangat,8/8/2020,64
KualaSelangor,8/8/2020,69
Petaling,8/8/2020,439
SabakBernam,8/8/2020,30
Sepang,8/8/2020,168
Gombak,9/8/2020,242
HuluLangat,9/8/2020,633
HuluSelangor,9/8/2020,77
Klang,9/8/2020,190
KualaLangat,9/8/2020,64
KualaSelangor,9/8/2020,69
Petaling,9/8/2020,429
SabakBernam,9/8/2020,30
Sepang,9/8/2020,168
Gombak,10/8/2020,262
HuluLangat,10/8/2020,645
HuluSelangor,10/8/2020,77
Klang,10/8/2020,190
KualaLangat,10/8/2020,64
KualaSelangor,10/8/2020,69
Petaling,10/8/2020,439
SabakBernam,10/8/2020,30
Sepang,10/8/2020,168
Gombak,11/8/2020,262
HuluLangat,11/8/2020,634
HuluSelangor,11/8/2020,77
Klang,11/8/2020,190
KualaLangat,11/8/2020,64
KualaSelangor,11/8/2020,69
Petaling,11/8/2020,439
SabakBernam,11/8/2020,30
Sepang,11/8/2020,168
Gombak,12/8/2020,262
HuluLangat,12/8/2020,634
HuluSelangor,12/8/2020,77
Klang,12/8/2020,190
KualaLangat,12/8/2020,64
KualaSelangor,12/8/2020,69
Petaling,12/8/2020,439
SabakBernam,12/8/2020,30
Sepang,12/8/2020,168
Gombak,13/8/2020,242
HuluLangat,13/8/2020,634
HuluSelangor,13/8/2020,77
Klang,13/8/2020,190
KualaLangat,13/8/2020,64
KualaSelangor,13/8/2020,69
Petaling,13/8/2020,439
SabakBernam,13/8/2020,30
Sepang,13/8/2020,168
Gombak,14/8/2020,262
HuluLangat,14/8/2020,634
HuluSelangor,14/8/2020,77
Klang,14/8/2020,190
KualaLangat,14/8/2020,64
KualaSelangor,14/8/2020,69
Petaling,14/8/2020,439
SabakBernam,14/8/2020,30
Sepang,14/8/2020,168
Gombak,15/8/2020,262
HuluLangat,15/8/2020,634
HuluSelangor,15/8/2020,77
Klang,15/8/2020,190
KualaLangat,15/8/2020,64
KualaSelangor,15/8/2020,69
Petaling,15/8/2020,439
SabakBernam,15/8/2020,30
Sepang,15/8/2020,168
Gombak,16/8/2020,262
HuluLangat,16/8/2020,634
HuluSelangor,16/8/2020,77
Klang,16/8/2020,190
KualaLangat,16/8/2020,64
KualaSelangor,16/8/2020,69
Petaling,16/8/2020,439
SabakBernam,16/8/2020,30
Sepang,16/8/2020,168
Gombak,17/8/2020,264
HuluLangat,17/8/2020,634
HuluSelangor,17/8/2020,77
Klang,17/8/2020,190
KualaLangat,17/8/2020,64
KualaSelangor,17/8/2020,69
Petaling,17/8/2020,439
SabakBernam,17/8/2020,30
Sepang,17/8/2020,168
Gombak,18/8/2020,263
HuluLangat,18/8/2020,634
HuluSelangor,18/8/2020,77
Klang,18/8/2020,190
KualaLangat,18/8/2020,64
KualaSelangor,18/8/2020,69
Petaling,18/8/2020,439
SabakBernam,18/8/2020,30
Sepang,18/8/2020,168
Gombak,19/8/2020,263
HuluLangat,19/8/2020,634
HuluSelangor,19/8/2020,77
Klang,19/8/2020,190
KualaLangat,19/8/2020,64
KualaSelangor,19/8/2020,69
Petaling,19/8/2020,439
SabakBernam,19/8/2020,30
Sepang,19/8/2020,168
Gombak,20/8/2020,263
HuluLangat,20/8/2020,634
HuluSelangor,20/8/2020,77
Klang,20/8/2020,190
KualaLangat,20/8/2020,64
KualaSelangor,20/8/2020,69
Petaling,20/8/2020,439
SabakBernam,20/8/2020,30
Sepang,20/8/2020,168
Gombak,21/8/2020,264
HuluLangat,21/8/2020,634
HuluSelangor,21/8/2020,77
Klang,21/8/2020,190
KualaLangat,21/8/2020,64
KualaSelangor,21/8/2020,69
Petaling,21/8/2020,439
SabakBernam,21/8/2020,30
Sepang,21/8/2020,168
Gombak,22/8/2020,263
HuluLangat,22/8/2020,634
HuluSelangor,22/8/2020,77
Klang,22/8/2020,190
KualaLangat,22/8/2020,64
KualaSelangor,22/8/2020,69
Petaling,22/8/2020,439
SabakBernam,22/8/2020,30
Sepang,22/8/2020,168
Gombak,23/8/2020,264
HuluLangat,23/8/2020,634
HuluSelangor,23/8/2020,77
Klang,23/8/2020,190
KualaLangat,23/8/2020,64
KualaSelangor,23/8/2020,69
Petaling,23/8/2020,439
SabakBernam,23/8/2020,30
Sepang,23/8/2020,168
Gombak,24/8/2020,263
HuluLangat,24/8/2020,634
HuluSelangor,24/8/2020,77
Klang,24/8/2020,190
KualaLangat,24/8/2020,64
KualaSelangor,24/8/2020,69
Petaling,24/8/2020,439
SabakBernam,24/8/2020,30
Sepang,24/8/2020,168
Gombak,25/8/2020,263
HuluLangat,25/8/2020,634
HuluSelangor,25/8/2020,77
Klang,25/8/2020,190
KualaLangat,25/8/2020,64
KualaSelangor,25/8/2020,69
Petaling,25/8/2020,440
SabakBernam,25/8/2020,30
Sepang,25/8/2020,168
Gombak,26/8/2020,263
HuluLangat,26/8/2020,634
HuluSelangor,26/8/2020,77
Klang,26/8/2020,190
KualaLangat,26/8/2020,64
KualaSelangor,26/8/2020,69
Petaling,26/8/2020,440
SabakBernam,26/8/2020,30
Sepang,26/8/2020,168
Gombak,27/8/2020,263
HuluLangat,27/8/2020,634
HuluSelangor,27/8/2020,77
Klang,27/8/2020,190
KualaLangat,27/8/2020,4
KualaSelangor,27/8/2020,69
Petaling,27/8/2020,440
SabakBernam,27/8/2020,30
Sepang,27/8/2020,168
Gombak,28/8/2020,263
HuluLangat,28/8/2020,635
HuluSelangor,28/8/2020,77
Klang,28/8/2020,190
KualaLangat,28/8/2020,64
KualaSelangor,28/8/2020,69
Petaling,28/8/2020,440
SabakBernam,28/8/2020,30
Sepang,28/8/2020,168
Gombak,29/8/2020,263
HuluLangat,29/8/2020,635
HuluSelangor,29/8/2020,77
Klang,29/8/2020,190
KualaLangat,29/8/2020,64
KualaSelangor,29/8/2020,69
Petaling,29/8/2020,440
SabakBernam,29/8/2020,30
Sepang,29/8/2020,168
Gombak,30/8/2020,263
HuluLangat,30/8/2020,635
HuluSelangor,30/8/2020,77
Klang,30/8/2020,191
KualaLangat,30/8/2020,64
KualaSelangor,30/8/2020,69
Petaling,30/8/2020,440
SabakBernam,30/8/2020,30
Sepang,30/8/2020,168
Gombak,31/8/2020,263
HuluLangat,31/8/2020,635
HuluSelangor,31/8/2020,77
Klang,31/8/2020,191
KualaLangat,31/8/2020,64
KualaSelangor,31/8/2020,69
Petaling,31/8/2020,440
SabakBernam,31/8/2020,30
Sepang,31/8/2020,168
Gombak,1/9/2020,263
HuluLangat,1/9/2020,635
HuluSelangor,1/9/2020,77
Klang,1/9/2020,191
KualaLangat,1/9/2020,64
KualaSelangor,1/9/2020,69
Petaling,1/9/2020,40
SabakBernam,1/9/2020,30
Sepang,1/9/2020,168
Gombak,2/9/2020,263
HuluLangat,2/9/2020,635
HuluSelangor,2/9/2020,77
Klang,2/9/2020,192
KualaLangat,2/9/2020,64
KualaSelangor,2/9/2020,69
Petaling,2/9/2020,440
SabakBernam,2/9/2020,30
Sepang,2/9/2020,168
Gombak,3/9/2020,263
HuluLangat,3/9/2020,635
HuluSelangor,3/9/2020,77
Klang,3/9/2020,192
KualaLangat,3/9/2020,64
KualaSelangor,3/9/2020,69
Petaling,3/9/2020,440
SabakBernam,3/9/2020,30
Sepang,3/9/2020,168
Gombak,4/9/2020,263
HuluLangat,4/9/2020,437
HuluSelangor,4/9/2020,637
Klang,4/9/2020,192
KualaLangat,4/9/2020,64
KualaSelangor,4/9/2020,69
Petaling,4/9/2020,440
SabakBernam,4/9/2020,30
Sepang,4/9/2020,168
Gombak,5/9/2020,263
HuluLangat,5/9/2020,637
HuluSelangor,5/9/2020,77
Klang,5/9/2020,192
KualaLangat,5/9/2020,64
KualaSelangor,5/9/2020,69
Petaling,5/9/2020,440
SabakBernam,5/9/2020,30
Sepang,5/9/2020,168
Gombak,6/9/2020,263
HuluLangat,6/9/2020,637
HuluSelangor,6/9/2020,77
Klang,6/9/2020,192
KualaLangat,6/9/2020,64
KualaSelangor,6/9/2020,69
Petaling,6/9/2020,440
SabakBernam,6/9/2020,30
Sepang,6/9/2020,168
Gombak,7/9/2020,263
HuluLangat,7/9/2020,637
HuluSelangor,7/9/2020,77
Klang,7/9/2020,192
KualaLangat,7/9/2020,64
KualaSelangor,7/9/2020,69
Petaling,7/9/2020,440
SabakBernam,7/9/2020,30
Sepang,7/9/2020,168
Gombak,8/9/2020,263
HuluLangat,8/9/2020,637
HuluSelangor,8/9/2020,77
Klang,8/9/2020,192
KualaLangat,8/9/2020,64
KualaSelangor,8/9/2020,69
Petaling,8/9/2020,440
SabakBernam,8/9/2020,30
Sepang,8/9/2020,168
Gombak,9/9/2020,263
HuluLangat,9/9/2020,637
HuluSelangor,9/9/2020,77
Klang,9/9/2020,192
KualaLangat,9/9/2020,64
KualaSelangor,9/9/2020,69
Petaling,9/9/2020,440
SabakBernam,9/9/2020,30
Sepang,9/9/2020,168
Gombak,10/9/2020,263
HuluLangat,10/9/2020,637
HuluSelangor,10/9/2020,77
Klang,10/9/2020,192
KualaLangat,10/9/2020,64
KualaSelangor,10/9/2020,69
Petaling,10/9/2020,440
SabakBernam,10/9/2020,30
Sepang,10/9/2020,168
Gombak,11/9/2020,263
HuluLangat,11/9/2020,637
HuluSelangor,11/9/2020,77
Klang,11/9/2020,192
KualaLangat,11/9/2020,64
KualaSelangor,11/9/2020,69
Petaling,11/9/2020,440
SabakBernam,11/9/2020,30
Sepang,11/9/2020,168
Gombak,12/9/2020,263
HuluLangat,12/9/2020,637
HuluSelangor,12/9/2020,77
Klang,12/9/2020,192
KualaLangat,12/9/2020,64
KualaSelangor,12/9/2020,69
Petaling,12/9/2020,440
SabakBernam,12/9/2020,30
Sepang,12/9/2020,168
Gombak,13/9/2020,263
HuluLangat,13/9/2020,637
HuluSelangor,13/9/2020,77
Klang,13/9/2020,192
KualaLangat,13/9/2020,64
KualaSelangor,13/9/2020,69
Petaling,13/9/2020,440
SabakBernam,13/9/2020,30
Sepang,13/9/2020,168
Gombak,14/9/2020,263
HuluLangat,14/9/2020,637
HuluSelangor,14/9/2020,77
Klang,14/9/2020,192
KualaLangat,14/9/2020,64
KualaSelangor,14/9/2020,69
Petaling,14/9/2020,440
SabakBernam,14/9/2020,30
Sepang,14/9/2020,168
Gombak,15/9/2020,263
HuluLangat,15/9/2020,637
HuluSelangor,15/9/2020,77
Klang,15/9/2020,192
KualaLangat,15/9/2020,64
KualaSelangor,15/9/2020,69
Petaling,15/9/2020,440
SabakBernam,15/9/2020,30
Sepang,15/9/2020,168
Gombak,16/9/2020,263
HuluLangat,16/9/2020,637
HuluSelangor,16/9/2020,77
Klang,16/9/2020,192
KualaLangat,16/9/2020,64
KualaSelangor,16/9/2020,69
Petaling,16/9/2020,440
SabakBernam,16/9/2020,30
Sepang,16/9/2020,168
Gombak,17/9/2020,263
HuluLangat,17/9/2020,637
HuluSelangor,17/9/2020,77
Klang,17/9/2020,192
KualaLangat,17/9/2020,64
KualaSelangor,17/9/2020,69
Petaling,17/9/2020,440
SabakBernam,17/9/2020,30
Sepang,17/9/2020,169
Gombak,18/9/2020,263
HuluLangat,18/9/2020,637
HuluSelangor,18/9/2020,77
Klang,18/9/2020,192
KualaLangat,18/9/2020,64
KualaSelangor,18/9/2020,69
Petaling,18/9/2020,440
SabakBernam,18/9/2020,30
Sepang,18/9/2020,169
Gombak,19/9/2020,263
HuluLangat,19/9/2020,637
HuluSelangor,19/9/2020,77
Klang,19/9/2020,192
KualaLangat,19/9/2020,64
KualaSelangor,19/9/2020,69
Petaling,19/9/2020,440
SabakBernam,19/9/2020,30
Sepang,19/9/2020,169
Gombak,20/9/2020,263
HuluLangat,20/9/2020,637
HuluSelangor,20/9/2020,77
Klang,20/9/2020,192
KualaLangat,20/9/2020,64
KualaSelangor,20/9/2020,69
Petaling,20/9/2020,440
SabakBernam,20/9/2020,30
Sepang,20/9/2020,169
Gombak,21/9/2020,263
HuluLangat,21/9/2020,638
HuluSelangor,21/9/2020,77
Klang,21/9/2020,192
KualaLangat,21/9/2020,64
KualaSelangor,21/9/2020,69
Petaling,21/9/2020,440
SabakBernam,21/9/2020,30
Sepang,21/9/2020,169
Gombak,22/9/2020,263
HuluLangat,22/9/2020,638
HuluSelangor,22/9/2020,77
Klang,22/9/2020,192
KualaLangat,22/9/2020,64
KualaSelangor,22/9/2020,69
Petaling,22/9/2020,441
SabakBernam,22/9/2020,30
Sepang,22/9/2020,169
Gombak,23/9/2020,263
HuluLangat,23/9/2020,638
HuluSelangor,23/9/2020,77
Klang,23/9/2020,193
KualaLangat,23/9/2020,64
KualaSelangor,23/9/2020,69
Petaling,23/9/2020,442
SabakBernam,23/9/2020,30
Sepang,23/9/2020,169
Gombak,24/9/2020,264
HuluLangat,24/9/2020,639
HuluSelangor,24/9/2020,77
Klang,24/9/2020,193
KualaLangat,24/9/2020,64
KualaSelangor,24/9/2020,69
Petaling,24/9/2020,442
SabakBernam,24/9/2020,30
Sepang,24/9/2020,169
Gombak,25/9/2020,264
HuluLangat,25/9/2020,639
HuluSelangor,25/9/2020,77
Klang,25/9/2020,193
KualaLangat,25/9/2020,64
KualaSelangor,25/9/2020,69
Petaling,25/9/2020,443
SabakBernam,25/9/2020,30
Sepang,25/9/2020,169
Gombak,26/9/2020,264
HuluLangat,26/9/2020,641
HuluSelangor,26/9/2020,77
Klang,26/9/2020,193
KualaLangat,26/9/2020,64
KualaSelangor,26/9/2020,69
Petaling,26/9/2020,443
SabakBernam,26/9/2020,30
Sepang,26/9/2020,169
Gombak,27/9/2020,264
HuluLangat,27/9/2020,642
HuluSelangor,27/9/2020,82
Klang,27/9/2020,196
KualaLangat,27/9/2020,64
KualaSelangor,27/9/2020,69
Petaling,27/9/2020,444
SabakBernam,27/9/2020,30
Sepang,27/9/2020,169
Gombak,28/9/2020,264
HuluLangat,28/9/2020,642
HuluSelangor,28/9/2020,82
Klang,28/9/2020,205
KualaLangat,28/9/2020,64
KualaSelangor,28/9/2020,69
Petaling,28/9/2020,444
SabakBernam,28/9/2020,30
Sepang,28/9/2020,169
Gombak,29/9/2020,264
HuluLangat,29/9/2020,647
HuluSelangor,29/9/2020,83
Klang,29/9/2020,207
KualaLangat,29/9/2020,65
KualaSelangor,29/9/2020,69
Petaling,29/9/2020,450
SabakBernam,29/9/2020,30
Sepang,29/9/2020,169
Gombak,30/9/2020,264
HuluLangat,30/9/2020,652
HuluSelangor,30/9/2020,83
Klang,30/9/2020,209
KualaLangat,30/9/2020,65
KualaSelangor,30/9/2020,69
Petaling,30/9/2020,452
SabakBernam,30/9/2020,30
Sepang,30/9/2020,170
Gombak,1/10/2020,264
HuluLangat,1/10/2020,652
HuluSelangor,1/10/2020,83
Klang,1/10/2020,214
KualaLangat,1/10/2020,65
KualaSelangor,1/10/2020,69
Petaling,1/10/2020,459
SabakBernam,1/10/2020,30
Sepang,1/10/2020,171
Gombak,2/10/2020,271
HuluLangat,2/10/2020,655
HuluSelangor,2/10/2020,93
Klang,2/10/2020,220
KualaLangat,2/10/2020,65
KualaSelangor,2/10/2020,93
Petaling,2/10/2020,459
SabakBernam,2/10/2020,30
Sepang,2/10/2020,173
Gombak,3/10/2020,273
HuluLangat,3/10/2020,661
HuluSelangor,3/10/2020,93
Klang,3/10/2020,230
KualaLangat,3/10/2020,67
KualaSelangor,3/10/2020,70
Petaling,3/10/2020,467
SabakBernam,3/10/2020,30
Sepang,3/10/2020,179
Gombak,4/10/2020,274
HuluLangat,4/10/2020,670
HuluSelangor,4/10/2020,93
Klang,4/10/2020,244
KualaLangat,4/10/2020,67
KualaSelangor,4/10/2020,70
Petaling,4/10/2020,471
SabakBernam,4/10/2020,30
Sepang,4/10/2020,182
Gombak,5/10/2020,275
HuluLangat,5/10/2020,675
HuluSelangor,5/10/2020,96
Klang,5/10/2020,249
KualaLangat,5/10/2020,67
KualaSelangor,5/10/2020,71
Petaling,5/10/2020,488
SabakBernam,5/10/2020,30
Sepang,5/10/2020,184
Gombak,6/10/2020,277
HuluLangat,6/10/2020,677
HuluSelangor,6/10/2020,97
Klang,6/10/2020,269
KualaLangat,6/10/2020,67
KualaSelangor,6/10/2020,71
Petaling,6/10/2020,500
SabakBernam,6/10/2020,30
Sepang,6/10/2020,185
Gombak,7/10/2020,279
HuluLangat,7/10/2020,681
HuluSelangor,7/10/2020,97
Klang,7/10/2020,271
KualaLangat,7/10/2020,68
KualaSelangor,7/10/2020,72
Petaling,7/10/2020,506
SabakBernam,7/10/2020,30
Sepang,7/10/2020,189
Gombak,8/10/2020,285
HuluLangat,8/10/2020,684
HuluSelangor,8/10/2020,97
Klang,8/10/2020,286
KualaLangat,8/10/2020,69
KualaSelangor,8/10/2020,72
Petaling,8/10/2020,513
SabakBernam,8/10/2020,30
Sepang,8/10/2020,193
Gombak,9/10/2020,288
HuluLangat,9/10/2020,694
HuluSelangor,9/10/2020,97
Klang,9/10/2020,289
KualaLangat,9/10/2020,70
KualaSelangor,9/10/2020,72
Petaling,9/10/2020,520
SabakBernam,9/10/2020,30
Sepang,9/10/2020,193
Gombak,10/10/2020,297
HuluLangat,10/10/2020,698
HuluSelangor,10/10/2020,97
Klang,10/10/2020,293
KualaLangat,10/10/2020,77
KualaSelangor,10/10/2020,72
Petaling,10/10/2020,537
SabakBernam,10/10/2020,30
Sepang,10/10/2020,196
Gombak,11/10/2020,302
HuluLangat,11/10/2020,699
HuluSelangor,11/10/2020,97
Klang,11/10/2020,299
KualaLangat,11/10/2020,79
KualaSelangor,11/10/2020,72
Petaling,11/10/2020,548
SabakBernam,11/10/2020,30
Sepang,11/10/2020,196
Gombak,12/10/2020,307
HuluLangat,12/10/2020,711
HuluSelangor,12/10/2020,99
Klang,12/10/2020,334
KualaLangat,12/10/2020,80
KualaSelangor,12/10/2020,72
Petaling,12/10/2020,562
SabakBernam,12/10/2020,30
Sepang,12/10/2020,196
Gombak,13/10/2020,318
HuluLangat,13/10/2020,727
HuluSelangor,13/10/2020,100
Klang,13/10/2020,344
KualaLangat,13/10/2020,81
KualaSelangor,13/10/2020,72
Petaling,13/10/2020,598
SabakBernam,13/10/2020,30
Sepang,13/10/2020,197
Gombak,14/10/2020,334
HuluLangat,14/10/2020,737
HuluSelangor,14/10/2020,103
Klang,14/10/2020,353
KualaLangat,14/10/2020,92
KualaSelangor,14/10/2020,72
Petaling,14/10/2020,617
SabakBernam,14/10/2020,30
Sepang,14/10/2020,197
Gombak,15/10/2020,336
HuluLangat,15/10/2020,742
HuluSelangor,15/10/2020,103
Klang,15/10/2020,360
KualaLangat,15/10/2020,104
KualaSelangor,15/10/2020,72
Petaling,15/10/2020,735
SabakBernam,15/10/2020,30
Sepang,15/10/2020,203
Gombak,16/10/2020,341
HuluLangat,16/10/2020,750
HuluSelangor,16/10/2020,103
Klang,16/10/2020,374
KualaLangat,16/10/2020,107
KualaSelangor,16/10/2020,73
Petaling,16/10/2020,753
SabakBernam,16/10/2020,30
Sepang,16/10/2020,204
Gombak,17/10/2020,357
HuluLangat,17/10/2020,765
HuluSelangor,17/10/2020,103
Klang,17/10/2020,409
KualaLangat,17/10/2020,116
KualaSelangor,17/10/2020,73
Petaling,17/10/2020,826
SabakBernam,17/10/2020,30
Sepang,17/10/2020,213
Gombak,18/10/2020,364
HuluLangat,18/10/2020,776
HuluSelangor,18/10/2020,105
Klang,18/10/2020,416
KualaLangat,18/10/2020,126
KualaSelangor,18/10/2020,73
Petaling,18/10/2020,854
SabakBernam,18/10/2020,30
Sepang,18/10/2020,222
Gombak,19/10/2020,373
HuluLangat,19/10/2020,785
HuluSelangor,19/10/2020,106
Klang,19/10/2020,439
KualaLangat,19/10/2020,131
KualaSelangor,19/10/2020,75
Petaling,19/10/2020,901
SabakBernam,19/10/2020,31
Sepang,19/10/2020,226
Gombak,20/10/2020,385
HuluLangat,20/10/2020,834
HuluSelangor,20/10/2020,106
Klang,20/10/2020,450
KualaLangat,20/10/2020,142
KualaSelangor,20/10/2020,76
Petaling,20/10/2020,940
SabakBernam,20/10/2020,31
Sepang,20/10/2020,235
Gombak,21/10/2020,399
HuluLangat,21/10/2020,844
HuluSelangor,21/10/2020,109
Klang,21/10/2020,459
KualaLangat,21/10/2020,153
KualaSelangor,21/10/2020,84
Petaling,21/10/2020,983
SabakBernam,21/10/2020,31
Sepang,21/10/2020,251
Gombak,22/10/2020,413
HuluLangat,22/10/2020,875
HuluSelangor,22/10/2020,109
Klang,22/10/2020,480
KualaLangat,22/10/2020,166
KualaSelangor,22/10/2020,84
Petaling,22/10/2020,1014
SabakBernam,22/10/2020,31
Sepang,22/10/2020,273
Gombak,23/10/2020,424
HuluLangat,23/10/2020,891
HuluSelangor,23/10/2020,110
Klang,23/10/2020,490
KualaLangat,23/10/2020,168
KualaSelangor,23/10/2020,84
Petaling,23/10/2020,1032
SabakBernam,23/10/2020,31
Sepang,23/10/2020,277
Gombak,24/10/2020,431
HuluLangat,24/10/2020,911
HuluSelangor,24/10/2020,111
Klang,24/10/2020,498
KualaLangat,24/10/2020,170
KualaSelangor,24/10/2020,84
Petaling,24/10/2020,1068
SabakBernam,24/10/2020,31
Sepang,24/10/2020,279
Gombak,25/10/2020,436
HuluLangat,25/10/2020,929
HuluSelangor,25/10/2020,113
Klang,25/10/2020,512
KualaLangat,25/10/2020,184
KualaSelangor,25/10/2020,85
Petaling,25/10/2020,1096
SabakBernam,25/10/2020,32
Sepang,25/10/2020,284
Gombak,26/10/2020,440
HuluLangat,26/10/2020,959
HuluSelangor,26/10/2020,113
Klang,26/10/2020,523
KualaLangat,26/10/2020,198
KualaSelangor,26/10/2020,87
Petaling,26/10/2020,1137
SabakBernam,26/10/2020,32
Sepang,26/10/2020,358
Gombak,27/10/2020,449
HuluLangat,27/10/2020,977
HuluSelangor,27/10/2020,113
Klang,27/10/2020,534
KualaLangat,27/10/2020,211
KualaSelangor,27/10/2020,92
Petaling,27/10/2020,1197
SabakBernam,27/10/2020,32
Sepang,27/10/2020,367
Gombak,28/10/2020,452
HuluLangat,28/10/2020,1004
HuluSelangor,28/10/2020,113
Klang,28/10/2020,547
KualaLangat,28/10/2020,230
KualaSelangor,28/10/2020,92
Petaling,28/10/2020,1210
SabakBernam,28/10/2020,32
Sepang,28/10/2020,380
Gombak,29/10/2020,469
HuluLangat,29/10/2020,1022
HuluSelangor,29/10/2020,113
Klang,29/10/2020,558
KualaLangat,29/10/2020,235
KualaSelangor,29/10/2020,92
Petaling,29/10/2020,1232
SabakBernam,29/10/2020,32
Sepang,29/10/2020,439
Gombak,30/10/2020,477
HuluLangat,30/10/2020,1047
HuluSelangor,30/10/2020,113
Klang,30/10/2020,566
KualaLangat,30/10/2020,243
KualaSelangor,30/10/2020,93
Petaling,30/10/2020,1287
SabakBernam,30/10/2020,33
Sepang,30/10/2020,483
Gombak,31/10/2020,480
HuluLangat,31/10/2020,1065
HuluSelangor,31/10/2020,113
Klang,31/10/2020,569
KualaLangat,31/10/2020,254
KualaSelangor,31/10/2020,96
Petaling,31/10/2020,1297
SabakBernam,31/10/2020,33
Sepang,31/10/2020,489
Gombak,1/11/2020,484
HuluLangat,1/11/2020,1168
HuluSelangor,1/11/2020,113
Klang,1/11/2020,628
KualaLangat,1/11/2020,269
KualaSelangor,1/11/2020,96
Petaling,1/11/2020,1328
SabakBernam,1/11/2020,33
Sepang,1/11/2020,502
Gombak,2/11/2020,488
HuluLangat,2/11/2020,1198
HuluSelangor,2/11/2020,113
Klang,2/11/2020,644
KualaLangat,2/11/2020,298
KualaSelangor,2/11/2020,96
Petaling,2/11/2020,1363
SabakBernam,2/11/2020,33
Sepang,2/11/2020,517
Gombak,3/11/2020,494
HuluLangat,3/11/2020,1236
HuluSelangor,3/11/2020,114
Klang,3/11/2020,672
KualaLangat,3/11/2020,306
KualaSelangor,3/11/2020,96
Petaling,3/11/2020,1394
SabakBernam,3/11/2020,33
Sepang,3/11/2020,529
Gombak,4/11/2020,504
HuluLangat,4/11/2020,1324
HuluSelangor,4/11/2020,114
Klang,4/11/2020,730
KualaLangat,4/11/2020,310
KualaSelangor,4/11/2020,103
Petaling,4/11/2020,1419
SabakBernam,4/11/2020,33
Sepang,4/11/2020,568
Gombak,5/11/2020,518
HuluLangat,5/11/2020,1378
HuluSelangor,5/11/2020,115
Klang,5/11/2020,767
KualaLangat,5/11/2020,320
KualaSelangor,5/11/2020,103
Petaling,5/11/2020,1462
SabakBernam,5/11/2020,33
Sepang,5/11/2020,586
Gombak,6/11/2020,533
HuluLangat,6/11/2020,1426
HuluSelangor,6/11/2020,115
Klang,6/11/2020,824
KualaLangat,6/11/2020,331
KualaSelangor,6/11/2020,107
Petaling,6/11/2020,1481
SabakBernam,6/11/2020,33
Sepang,6/11/2020,596
Gombak,7/11/2020,547
HuluLangat,7/11/2020,1457
HuluSelangor,7/11/2020,116
Klang,7/11/2020,945
KualaLangat,7/11/2020,343
KualaSelangor,7/11/2020,109
Petaling,7/11/2020,1516
SabakBernam,7/11/2020,33
Sepang,7/11/2020,627
Gombak,8/11/2020,561
HuluLangat,8/11/2020,1482
HuluSelangor,8/11/2020,116
Klang,8/11/2020,990
KualaLangat,8/11/2020,361
KualaSelangor,8/11/2020,111
Petaling,8/11/2020,1529
SabakBernam,8/11/2020,33
Sepang,8/11/2020,646
Gombak,9/11/2020,564
HuluLangat,9/11/2020,1524
HuluSelangor,9/11/2020,118
Klang,9/11/2020,1019
KualaLangat,9/11/2020,364
KualaSelangor,9/11/2020,112
Petaling,9/11/2020,1580
SabakBernam,9/11/2020,33
Sepang,9/11/2020,652
Gombak,10/11/2020,572
HuluLangat,10/11/2020,1582
HuluSelangor,10/11/2020,118
Klang,10/11/2020,1128
KualaLangat,10/11/2020,374
KualaSelangor,10/11/2020,116
Petaling,10/11/2020,1600
SabakBernam,10/11/2020,33
Sepang,10/11/2020,678
Gombak,11/11/2020,579
HuluLangat,11/11/2020,1621
HuluSelangor,11/11/2020,118
Klang,11/11/2020,1176
KualaLangat,11/11/2020,400
KualaSelangor,11/11/2020,117
Petaling,11/11/2020,1636
SabakBernam,11/11/2020,33
Sepang,11/11/2020,697
Gombak,12/11/2020,584
HuluLangat,12/11/2020,1652
HuluSelangor,12/11/2020,120
Klang,12/11/2020,1214
KualaLangat,12/11/2020,405
KualaSelangor,12/11/2020,117
Petaling,12/11/2020,1655
SabakBernam,12/11/2020,33
Sepang,12/11/2020,771
Gombak,13/11/2020,586
HuluLangat,13/11/2020,1831
HuluSelangor,13/11/2020,120
Klang,13/11/2020,1323
KualaLangat,13/11/2020,415
KualaSelangor,13/11/2020,118
Petaling,13/11/2020,1691
SabakBernam,13/11/2020,33
Sepang,13/11/2020,795
Gombak,14/11/2020,593
HuluLangat,14/11/2020,1883
HuluSelangor,14/11/2020,121
Klang,14/11/2020,1415
KualaLangat,14/11/2020,417
KualaSelangor,14/11/2020,119
Petaling,14/11/2020,1721
SabakBernam,14/11/2020,33
Sepang,14/11/2020,809
Gombak,15/11/2020,594
HuluLangat,15/11/2020,1931
HuluSelangor,15/11/2020,124
Klang,15/11/2020,1515
KualaLangat,15/11/2020,427
KualaSelangor,15/11/2020,119
Petaling,15/11/2020,1740
SabakBernam,15/11/2020,33
Sepang,15/11/2020,813
Gombak,16/11/2020,599
HuluLangat,16/11/2020,2002
HuluSelangor,16/11/2020,126
Klang,16/11/2020,1552
KualaLangat,16/11/2020,436
KualaSelangor,16/11/2020,120
Petaling,16/11/2020,1752
SabakBernam,16/11/2020,33
Sepang,16/11/2020,826
Gombak,17/11/2020,600
HuluLangat,17/11/2020,2007
HuluSelangor,17/11/2020,126
Klang,17/11/2020,1741
KualaLangat,17/11/2020,469
KualaSelangor,17/11/2020,124
Petaling,17/11/2020,1776
SabakBernam,17/11/2020,33
Sepang,17/11/2020,829
Gombak,18/11/2020,606
HuluLangat,18/11/2020,2040
HuluSelangor,18/11/2020,130
Klang,18/11/2020,1785
KualaLangat,18/11/2020,479
KualaSelangor,18/11/2020,126
Petaling,18/11/2020,1805
SabakBernam,18/11/2020,33
Sepang,18/11/2020,840
Gombak,19/11/2020,608
HuluLangat,19/11/2020,2109
HuluSelangor,19/11/2020,130
Klang,19/11/2020,2071
KualaLangat,19/11/2020,494
KualaSelangor,19/11/2020,128
Petaling,19/11/2020,1827
SabakBernam,19/11/2020,33
Sepang,19/11/2020,851
Gombak,20/11/2020,611
HuluLangat,20/11/2020,2129
HuluSelangor,20/11/2020,130
Klang,20/11/2020,2156
KualaLangat,20/11/2020,501
KualaSelangor,20/11/2020,128
Petaling,20/11/2020,1857
SabakBernam,20/11/2020,33
Sepang,20/11/2020,859
Gombak,21/11/2020,633
HuluLangat,21/11/2020,2146
HuluSelangor,21/11/2020,130
Klang,21/11/2020,2482
KualaLangat,21/11/2020,509
KualaSelangor,21/11/2020,133
Petaling,21/11/2020,1880
SabakBernam,21/11/2020,33
Sepang,21/11/2020,860
Gombak,22/11/2020,645
HuluLangat,22/11/2020,2182
HuluSelangor,22/11/2020,130
Klang,22/11/2020,3010
KualaLangat,22/11/2020,515
KualaSelangor,22/11/2020,134
Petaling,22/11/2020,1895
SabakBernam,22/11/2020,33
Sepang,22/11/2020,864
Gombak,23/11/2020,649
HuluLangat,23/11/2020,2210
HuluSelangor,23/11/2020,136
Klang,23/11/2020,4132
KualaLangat,23/11/2020,519
KualaSelangor,23/11/2020,135
Petaling,23/11/2020,1920
SabakBernam,23/11/2020,33
Sepang,23/11/2020,877
Gombak,24/11/2020,658
HuluLangat,24/11/2020,2239
HuluSelangor,24/11/2020,136
Klang,24/11/2020,5669
KualaLangat,24/11/2020,530
KualaSelangor,24/11/2020,137
Petaling,24/11/2020,1951
SabakBernam,24/11/2020,33
Sepang,24/11/2020,881
Gombak,25/11/2020,662
HuluLangat,25/11/2020,2251
HuluSelangor,25/11/2020,140
Klang,25/11/2020,5702
KualaLangat,25/11/2020,559
KualaSelangor,25/11/2020,139
Petaling,25/11/2020,1976
SabakBernam,25/11/2020,33
Sepang,25/11/2020,884
Gombak,26/11/2020,662
HuluLangat,26/11/2020,2256
HuluSelangor,26/11/2020,140
Klang,26/11/2020,5743
KualaLangat,26/11/2020,561
KualaSelangor,26/11/2020,145
Petaling,26/11/2020,2057
SabakBernam,26/11/2020,33
Sepang,26/11/2020,908
Gombak,27/11/2020,674
HuluLangat,27/11/2020,2281
HuluSelangor,27/11/2020,140
Klang,27/11/2020,5794
KualaLangat,27/11/2020,595
KualaSelangor,27/11/2020,151
Petaling,27/11/2020,2091
SabakBernam,27/11/2020,33
Sepang,27/11/2020,920
Gombak,28/11/2020,679
HuluLangat,28/11/2020,2309
HuluSelangor,28/11/2020,141
Klang,28/11/2020,5967
KualaLangat,28/11/2020,614
KualaSelangor,28/11/2020,152
Petaling,28/11/2020,2124
SabakBernam,28/11/2020,33
Sepang,28/11/2020,925
Gombak,29/11/2020,710
HuluLangat,29/11/2020,2366
HuluSelangor,29/11/2020,141
Klang,29/11/2020,6047
KualaLangat,29/11/2020,630
KualaSelangor,29/11/2020,152
Petaling,29/11/2020,2163
SabakBernam,29/11/2020,34
Sepang,29/11/2020,939
Gombak,30/11/2020,722
HuluLangat,30/11/2020,2438
HuluSelangor,30/11/2020,144
Klang,30/11/2020,6275
KualaLangat,30/11/2020,634
KualaSelangor,30/11/2020,159
Petaling,30/11/2020,2223
SabakBernam,30/11/2020,34
Sepang,30/11/2020,951
Gombak,1/12/2020,730
HuluLangat,1/12/2020,2465
HuluSelangor,1/12/2020,145
Klang,1/12/2020,7069
KualaLangat,1/12/2020,641
KualaSelangor,1/12/2020,161
Petaling,1/12/2020,2269
SabakBernam,1/12/2020,34
Sepang,1/12/2020,955
Gombak,2/12/2020,740
HuluLangat,2/12/2020,2517
HuluSelangor,2/12/2020,146
Klang,2/12/2020,7164
KualaLangat,2/12/2020,664
KualaSelangor,2/12/2020,170
Petaling,2/12/2020,2320
SabakBernam,2/12/2020,34
Sepang,2/12/2020,963
Gombak,3/12/2020,761
HuluLangat,3/12/2020,2661
HuluSelangor,3/12/2020,147
Klang,3/12/2020,7358
KualaLangat,3/12/2020,669
KualaSelangor,3/12/2020,173
Petaling,3/12/2020,2402
SabakBernam,3/12/2020,34
Sepang,3/12/2020,971
Gombak,4/12/2020,769
HuluLangat,4/12/2020,2759
HuluSelangor,4/12/2020,148
Klang,4/12/2020,7507
KualaLangat,4/12/2020,670
KualaSelangor,4/12/2020,183
Petaling,4/12/2020,2442
SabakBernam,4/12/2020,34
Sepang,4/12/2020,983
